timestamp,ingestionTime,message,eventId,logStreamName
1736383523332,1736383523524,"Preparing ...
",38722646520753785241896443881928104464588755243122294784,jr_6b07bdae0215bec642f98131962ae71cfc06797af41f3a89ff2474789da141ad
1736383523586,1736383524394,"Thu Jan  9 00:45:23 UTC 2025
",38722646526418174522323222160930401577528424507100102656,jr_6b07bdae0215bec642f98131962ae71cfc06797af41f3a89ff2474789da141ad
1736383523603,1736383524394,/etc/alternatives/jre/bin/java --add-exports=jdk.compiler/com.sun.tools.javac.util=ALL-UNNAMED --add-opens=java.base/java.io=ALL-UNNAMED --add-opens=java.base/java.lang.reflect=ALL-UNNAMED --add-opens=java.base/java.lang=ALL-UNNAMED --add-opens=java.base/java.math=ALL-UNNAMED --add-opens=java.base/java.util=ALL-UNNAMED --add-opens=java.base/java.util.concurrent=ALL-UNNAMED -XX:+IgnoreUnrecognizedVMOptions --add-opens=java.base/java.net=ALL-UNNAMED --add-opens=java.base/java.text=ALL-UNNAMED --add-opens=java.base/java.util.concurrent.atomic=ALL-UNNAMED --add-opens=java.base/java.nio=ALL-UNNAMED --add-opens=java.base/sun.nio.ch=ALL-UNNAMED --add-opens=java.base/sun.nio.cs=ALL-UNNAMED --add-opens=java.base/java.time=ALL-UNNAMED --add-opens=java.base/java.util.regex=ALL-UNNAMED --add-opens=java.base/java.util=ALL-UNNAMED --add-opens=java.base/jdk.internal=ALL-UNNAMED --add-opens=java.base/jdk.internal.ref=ALL-UNNAMED --add-opens=java.base/jdk.internal.reflect=ALL-UNNAMED --add-opens=java.sql/java.sql=ALL-UNNAMED ,38722646526797287190698242754336508788163446652701769729,jr_6b07bdae0215bec642f98131962ae71cfc06797af41f3a89ff2474789da141ad
1736383523604,1736383524394,'"--add-opens=java.base/jdk.internal.util=ALL-UNNAMED --add-opens=java.base/jdk.internal.util.random=ALL-UNNAMED --add-opens=java.base/java.lang.invoke=ALL-UNNAMED --add-opens=java.base/sun.util.calendar=ALL-UNNAMED --add-opens=jdk.management/com.sun.management.internal=ALL-UNNAMED -Djavax.net.ssl.trustStore=/opt/amazon/certs/InternalAndExternalAndAWSTrustStore.jks -Djavax.net.ssl.trustStoreType=JKS -Djavax.net.ssl.trustStorePassword=amazon -DRDS_ROOT_CERT_PATH=/opt/amazon/certs/rds-combined-ca-bundle.pem -DREDSHIFT_ROOT_CERT_PATH=/opt/amazon/certs/redshift-ssl-ca-cert.pem -DRDS_TRUSTSTORE_URL=file:/opt/amazon/certs/InternalAndExternalAndAWSTrustStore.jks -cp /usr/share/aws/aws-glue-shuffle/*:/usr/share/aws/emr-glue-bootstrap/*:/usr/lib/spark/jars/*:/usr/lib/spark/conf:/usr/share/aws/aws-java-sdk-v2/*:/usr/share/aws/*:/usr/share/aws/hmclient/lib/aws-glue-datacatalog-spark-client.jar:/usr/share/aws/hmclient/lib/*:/usr/share/aws/iceberg/lib/*:/usr/share/aws/redshift/jdbc/*:/usr/share/aws/redshift/spark-redshift/l",38722646526819587935896773377478044506436095014207750146,jr_6b07bdae0215bec642f98131962ae71cfc06797af41f3a89ff2474789da141ad
1736383523604,1736383524394,ib/*:/usr/share/aws/glue-connectors/lib/*:/usr/share/aws/glue-pii-dependencies/lib/*:/usr/share/aws/datazone-openlineage-spark/lib/*:/lib/*::/usr/lib/hadoop-lzo/lib/*:/usr/share/aws/aws-java-sdk/*:/usr/share/aws/emr/emrfs/conf:/usr/share/aws/emr/emrfs/lib/*:/usr/share/aws/emr/emrfs/auxlib/*:/usr/share/aws/emr/ddb/lib/emr-ddb-hadoop.jar:/usr/share/aws/emr/goodies/lib/emr-hadoop-goodies.jar:/usr/share/aws/emr/cloudwatch-sink/lib/*:/usr/share/aws/emr/security/conf:/usr/share/aws/emr/security/lib/*:/usr/lib/hadoop/*:/etc/hadoop/conf:/usr/share/java/Hive-JSON-Serde/* -Dlog4j2.configurationFile=/etc/spark/conf.dist/log4j2.properties com.amazonaws.services.glue.GlueBootstrap --conf spark.dynamicAllocation.enabled=true --conf spark.shuffle.service.enabled=true --conf spark.dynamicAllocation.minExecutors=1 --conf spark.dynamicAllocation.maxExecutors=9 --conf spark.executor.memory=10g --conf spark.driver.memory=10g --conf spark.network.timeout=600   --enable-glue-datacatalog true --glue-di-packages-correlation-ids 2025,38722646526819587935896773377478044506436095014207750147,jr_6b07bdae0215bec642f98131962ae71cfc06797af41f3a89ff2474789da141ad
1736383523604,1736383524394,"0102-193304_,20250102-193304_,6285066193,6285066193 --job-bookmark-option job-bookmark-disable --TempDir s3://aws-glue-assets-814616450412-us-west-2/temporary/ --internal-lib-urls https://prod-us-west-2-package-distribution-artifacts-bucket.s3.us-west-2.amazonaws.com/005/Glue5.0/aws-glue-di-libs/java17/5.0.298/pLeC6M-aws-glue-di-package-5.0.298.jar?X-Amz-Security-Token=IQoJb3JpZ2luX2VjEJn%2F%2F%2F%2F%2F%2F%2F%2F%2F%2FwEaCXVzLXdlc3QtMiJGMEQCIA7mg3nDBKqts5R6hreSyaH7adDKLWg9FsCjIgguq9%2BzAiBPNA%2Fjk9iRC0UIK5ybN%2F5uIAXbvGUMIFmtNazAQorV2iqgAgiC%2F%2F%2F%2F%2F%2F%2F%2F%2F%2F8BEAAaDDg1MTcyNTUyOTk3MCIMe4ZJ6NWRnzpB8C32KvQBq21C76o9xPHDfNqOVCiA5wlZbtkH5er%2FDCQ1%2B3%2F%2BhvLhv%2B%2Fe1nBk3hcvWvmqcU%2BWQ06zDVB4TuggCdnDgsKmDbiTV8Sqj77t2GxSUYQC%2FEUo6gZTvyLu5XnCGEj4v%2F4BuAUsMiMoxZ%2FhnDwdHAVvHS%2BPJ4dJFnkBFVszKyMvH1F22vKRk3QM8ZNA27TjHm%2BwZFi8JvR7Ny2%2BMc9DGP7Uew9T0I%2BVT9gm8IOx8GAZ5Cwp0L3Q4s0OjprIsYSqLhT4ZmkPCCXFZPOU86qRZRWog5DC3fHrWdCgNYhNE6Px%2BClVy1ffpmauZ6HOEMbe9NOMqqArizDvt%2Fy7BjqQAbgBDuVYxRIwPor4QLa0l3vJ2bbPqDjB0%",38722646526819587935896773377478044506436095014207750148,jr_6b07bdae0215bec642f98131962ae71cfc06797af41f3a89ff2474789da141ad
1736383523604,1736383524394,"2BODur2kZJTuE20Z3ap01d52Xjsr4fHBt45DDJfpmFVBREMjjqlA82hJCipSoh2QBO4yHOlB4BozuoACWoVSBfzE8orlEEIoDYmlmwiHq%2FqfkZUwV7KBCfr0BB8JMJkPtGFdEcuH2Mvcs9Ro8Yc%2BZL4RAkpEAdMszA%3D%3D&X-Amz-Algorithm=AWS4-HMAC-SHA256&X-Amz-Date=20250109T004519Z&X-Amz-SignedHeaders=host&X-Amz-Credential=ASIA4MTWMGNZCBNYVN36%2F20250109%2Fus-west-2%2Fs3%2Faws4_request&X-Amz-Expires=1800&X-Amz-Signature=dd21d8138394337de44b36e7df3af5801b6cb8bb9fe4fc82f8a9cc55da07fd18,https://prod-us-west-2-package-distribution-artifacts-bucket.s3.us-west-2.amazonaws.com/005/Glue5.0/aws-glue-dataplane-python/java17/5.0.298/B5FbOA-AWSGlueDataplanePython-5.0.298.py.zip?X-Amz-Security-Token=IQoJb3JpZ2luX2VjEJn%2F%2F%2F%2F%2F%2F%2F%2F%2F%2FwEaCXVzLXdlc3QtMiJGMEQCIA7mg3nDBKqts5R6hreSyaH7adDKLWg9FsCjIgguq9%2BzAiBPNA%2Fjk9iRC0UIK5ybN%2F5uIAXbvGUMIFmtNazAQorV2iqgAgiC%2F%2F%2F%2F%2F%2F%2F%2F%2F%2F8BEAAaDDg1MTcyNTUyOTk3MCIMe4ZJ6NWRnzpB8C32KvQBq21C76o9xPHDfNqOVCiA5wlZbtkH5er%2FDCQ1%2B3%2F%2BhvLhv%2B%2Fe1nBk3hcvWvmqcU%2BWQ06zDVB4TuggCdnDgsKmDbiTV8Sqj77t2GxSUYQC%2FEUo6gZ",38722646526819587935896773377478044506436095014207750149,jr_6b07bdae0215bec642f98131962ae71cfc06797af41f3a89ff2474789da141ad
1736383523604,1736383524394,"TvyLu5XnCGEj4v%2F4BuAUsMiMoxZ%2FhnDwdHAVvHS%2BPJ4dJFnkBFVszKyMvH1F22vKRk3QM8ZNA27TjHm%2BwZFi8JvR7Ny2%2BMc9DGP7Uew9T0I%2BVT9gm8IOx8GAZ5Cwp0L3Q4s0OjprIsYSqLhT4ZmkPCCXFZPOU86qRZRWog5DC3fHrWdCgNYhNE6Px%2BClVy1ffpmauZ6HOEMbe9NOMqqArizDvt%2Fy7BjqQAbgBDuVYxRIwPor4QLa0l3vJ2bbPqDjB0%2BODur2kZJTuE20Z3ap01d52Xjsr4fHBt45DDJfpmFVBREMjjqlA82hJCipSoh2QBO4yHOlB4BozuoACWoVSBfzE8orlEEIoDYmlmwiHq%2FqfkZUwV7KBCfr0BB8JMJkPtGFdEcuH2Mvcs9Ro8Yc%2BZL4RAkpEAdMszA%3D%3D&X-Amz-Algorithm=AWS4-HMAC-SHA256&X-Amz-Date=20250109T004519Z&X-Amz-SignedHeaders=host&X-Amz-Credential=ASIA4MTWMGNZCBNYVN36%2F20250109%2Fus-west-2%2Fs3%2Faws4_request&X-Amz-Expires=1800&X-Amz-Signature=b11aaccd88b00f0851b50b7d40e92cea798855dd58d72b83fde50d62b158152b,https://prod-us-west-2-package-distribution-artifacts-bucket.s3.us-west-2.amazonaws.com/005/Glue5.0/AwsGlueMLLibsPython/java17/5.0.235/jZI7nG-AwsGlueMLLibs.py.zip?X-Amz-Security-Token=IQoJb3JpZ2luX2VjEJn%2F%2F%2F%2F%2F%2F%2F%2F%2F%2FwEaCXVzLXdlc3QtMiJGMEQCIA7mg3nDBKqts5R6hreSyaH7adDKLWg9FsCjIgguq9%2BzAiBPNA%",38722646526819587935896773377478044506436095014207750150,jr_6b07bdae0215bec642f98131962ae71cfc06797af41f3a89ff2474789da141ad
1736383523605,1736383524394,"2Fjk9iRC0UIK5ybN%2F5uIAXbvGUMIFmtNazAQorV2iqgAgiC%2F%2F%2F%2F%2F%2F%2F%2F%2F%2F8BEAAaDDg1MTcyNTUyOTk3MCIMe4ZJ6NWRnzpB8C32KvQBq21C76o9xPHDfNqOVCiA5wlZbtkH5er%2FDCQ1%2B3%2F%2BhvLhv%2B%2Fe1nBk3hcvWvmqcU%2BWQ06zDVB4TuggCdnDgsKmDbiTV8Sqj77t2GxSUYQC%2FEUo6gZTvyLu5XnCGEj4v%2F4BuAUsMiMoxZ%2FhnDwdHAVvHS%2BPJ4dJFnkBFVszKyMvH1F22vKRk3QM8ZNA27TjHm%2BwZFi8JvR7Ny2%2BMc9DGP7Uew9T0I%2BVT9gm8IOx8GAZ5Cwp0L3Q4s0OjprIsYSqLhT4ZmkPCCXFZPOU86qRZRWog5DC3fHrWdCgNYhNE6Px%2BClVy1ffpmauZ6HOEMbe9NOMqqArizDvt%2Fy7BjqQAbgBDuVYxRIwPor4QLa0l3vJ2bbPqDjB0%2BODur2kZJTuE20Z3ap01d52Xjsr4fHBt45DDJfpmFVBREMjjqlA82hJCipSoh2QBO4yHOlB4BozuoACWoVSBfzE8orlEEIoDYmlmwiHq%2FqfkZUwV7KBCfr0BB8JMJkPtGFdEcuH2Mvcs9Ro8Yc%2BZL4RAkpEAdMszA%3D%3D&X-Amz-Algorithm=AWS4-HMAC-SHA256&X-Amz-Date=20250109T004519Z&X-Amz-SignedHeaders=host&X-Amz-Credential=ASIA4MTWMGNZCBNYVN36%2F20250109%2Fus-west-2%2Fs3%2Faws4_request&X-Amz-Expires=1800&X-Amz-Signature=1ec2a1f14704a10b10a2627832e70a8ab1ba029ded7acdfe11a9d755d9c5f653,https://prod-us-west-2-package-distribution-artifacts-buc",38722646526841888681095304000619580224708743375713730567,jr_6b07bdae0215bec642f98131962ae71cfc06797af41f3a89ff2474789da141ad
1736383523605,1736383524394,ket.s3.us-west-2.amazonaws.com/005/Glue5.0/AwsGlueMLLibs/java17/5.0.235/yO8OFi-AwsGlueMLLibs.jar?X-Amz-Security-Token=IQoJb3JpZ2luX2VjEJn%2F%2F%2F%2F%2F%2F%2F%2F%2F%2FwEaCXVzLXdlc3QtMiJGMEQCIA7mg3nDBKqts5R6hreSyaH7adDKLWg9FsCjIgguq9%2BzAiBPNA%2Fjk9iRC0UIK5ybN%2F5uIAXbvGUMIFmtNazAQorV2iqgAgiC%2F%2F%2F%2F%2F%2F%2F%2F%2F%2F8BEAAaDDg1MTcyNTUyOTk3MCIMe4ZJ6NWRnzpB8C32KvQBq21C76o9xPHDfNqOVCiA5wlZbtkH5er%2FDCQ1%2B3%2F%2BhvLhv%2B%2Fe1nBk3hcvWvmqcU%2BWQ06zDVB4TuggCdnDgsKmDbiTV8Sqj77t2GxSUYQC%2FEUo6gZTvyLu5XnCGEj4v%2F4BuAUsMiMoxZ%2FhnDwdHAVvHS%2BPJ4dJFnkBFVszKyMvH1F22vKRk3QM8ZNA27TjHm%2BwZFi8JvR7Ny2%2BMc9DGP7Uew9T0I%2BVT9gm8IOx8GAZ5Cwp0L3Q4s0OjprIsYSqLhT4ZmkPCCXFZPOU86qRZRWog5DC3fHrWdCgNYhNE6Px%2BClVy1ffpmauZ6HOEMbe9NOMqqArizDvt%2Fy7BjqQAbgBDuVYxRIwPor4QLa0l3vJ2bbPqDjB0%2BODur2kZJTuE20Z3ap01d52Xjsr4fHBt45DDJfpmFVBREMjjqlA82hJCipSoh2QBO4yHOlB4BozuoACWoVSBfzE8orlEEIoDYmlmwiHq%2F,38722646526841888681095304000619580224708743375713730568,jr_6b07bdae0215bec642f98131962ae71cfc06797af41f3a89ff2474789da141ad
1736383523605,1736383524394,"qfkZUwV7KBCfr0BB8JMJkPtGFdEcuH2Mvcs9Ro8Yc%2BZL4RAkpEAdMszA%3D%3D&X-Amz-Algorithm=AWS4-HMAC-SHA256&X-Amz-Date=20250109T004519Z&X-Amz-SignedHeaders=host&X-Amz-Credential=ASIA4MTWMGNZCBNYVN36%2F20250109%2Fus-west-2%2Fs3%2Faws4_request&X-Amz-Expires=1800&X-Amz-Signature=ddb80e0961817411b2a8b4494217ee84e270c4c5b70668aca07ec63af56851b6 --python-modules-installer-option -r  --JOB_ID j_6649646b10aff9d65079ff9821a04727742d97c2331a4212f015bace02cf3240 --enable-metrics true --spark-event-logs-path s3://aws-glue-assets-814616450412-us-west-2/sparkHistoryLogs/ --enable-job-insights true  --JOB_RUN_ID jr_6b07bdae0215bec642f98131962ae71cfc06797af41f3a89ff2474789da141ad --additional-python-modules s3://python-lib-team5/requirements.txt --enable-observability-metrics true --enable-continuous-cloudwatch-log true --scriptLocation s3://aws-glue-assets-814616450412-us-west-2/scripts/Spark-job.py  --job-language python --tenant-internal glue --JOB_NAME Spark-job
",38722646526841888681095304000619580224708743375713730569,jr_6b07bdae0215bec642f98131962ae71cfc06797af41f3a89ff2474789da141ad
1736383524522,1736383525393,"openjdk version ""17.0.13"" 2024-10-15 LTS
",38722646547291672028147885422615598738240291118682734592,jr_6b07bdae0215bec642f98131962ae71cfc06797af41f3a89ff2474789da141ad
1736383524523,1736383525393,"OpenJDK Runtime Environment Corretto-17.0.13.11.1 (build 17.0.13+11-LTS)
",38722646547313972773346416045757134456512939480188715009,jr_6b07bdae0215bec642f98131962ae71cfc06797af41f3a89ff2474789da141ad
1736383524524,1736383525393,"OpenJDK 64-Bit Server VM Corretto-17.0.13.11.1 (build 17.0.13+11-LTS, mixed mode, sharing)
",38722646547336273518544946668898670174785587841694695426,jr_6b07bdae0215bec642f98131962ae71cfc06797af41f3a89ff2474789da141ad
1736383531319,1736383531396,"25/01/09 00:45:31 INFO GlueBootstrap: Glue Bootstrapping...
",38722646698869837142560530922891041194136032248907300864,jr_6b07bdae0215bec642f98131962ae71cfc06797af41f3a89ff2474789da141ad
1736383531326,1736383531396,"25/01/09 00:45:31 INFO GlueBootstrap: Glue Bootstrapping the driver...
",38722646699025942358950245284881791222044570779449163777,jr_6b07bdae0215bec642f98131962ae71cfc06797af41f3a89ff2474789da141ad
1736383531326,1736383531396,"25/01/09 00:45:31 INFO GlueBootstrap: Creating work directories...
",38722646699025942358950245284881791222044570779449163778,jr_6b07bdae0215bec642f98131962ae71cfc06797af41f3a89ff2474789da141ad
1736383531406,1736383531414,"25/01/09 00:45:31 INFO GlueBootstrap: creating /tmp/glue-job-7325554724919529149/python
",38722646700810001974832695136226145775114030092253331456,jr_6b07bdae0215bec642f98131962ae71cfc06797af41f3a89ff2474789da141ad
1736383531406,1736383531414,"25/01/09 00:45:31 INFO GlueBootstrap: creating /tmp/glue-job-7325554724919529149/jars
",38722646700810001974832695136226145775114030092253331457,jr_6b07bdae0215bec642f98131962ae71cfc06797af41f3a89ff2474789da141ad
1736383531406,1736383531414,"25/01/09 00:45:31 INFO GlueBootstrap: creating /tmp/glue-job-7325554724919529149/extra-py-files
",38722646700810001974832695136226145775114030092253331458,jr_6b07bdae0215bec642f98131962ae71cfc06797af41f3a89ff2474789da141ad
1736383531407,1736383531414,"25/01/09 00:45:31 INFO GlueBootstrap: creating /tmp/glue-job-7325554724919529149/extra-files
",38722646700832302720031225759367681493386678453759311875,jr_6b07bdae0215bec642f98131962ae71cfc06797af41f3a89ff2474789da141ad
1736383531407,1736383531414,"25/01/09 00:45:31 INFO GlueBootstrap: creating /tmp/glue-job-7325554724919529149/extra-jars
",38722646700832302720031225759367681493386678453759311876,jr_6b07bdae0215bec642f98131962ae71cfc06797af41f3a89ff2474789da141ad
1736383531407,1736383531414,"25/01/09 00:45:31 INFO GlueBootstrap: Processing Glue and User libs
",38722646700832302720031225759367681493386678453759311877,jr_6b07bdae0215bec642f98131962ae71cfc06797af41f3a89ff2474789da141ad
1736383531424,1736383532396,"25/01/09 00:45:31 INFO GlueBootstrap: Downloading Glue libs...
",38722646701211415388406246353960810982114898096579280896,jr_6b07bdae0215bec642f98131962ae71cfc06797af41f3a89ff2474789da141ad
1736383531636,1736383532396,"25/01/09 00:45:31 WARN VersionInfoUtils: The AWS SDK for Java 1.x entered maintenance mode starting July 31, 2024 and will reach end of support on December 31, 2025. For more information, see https://aws.amazon.com/blogs/developer/the-aws-sdk-for-java-1-x-is-in-maintenance-mode-effective-july-31-2024/
You can print where on the file system the AWS SDK for Java 1.x core runtime is located by setting the AWS_JAVA_V1_PRINT_LOCATION environment variable or aws.java.v1.printLocation system property to 'true'.
This message can be disabled by setting the AWS_JAVA_V1_DISABLE_DEPRECATION_ANNOUNCEMENT environment variable or aws.java.v1.disableDeprecationAnnouncement system property to 'true'.
The AWS SDK for Java 1.x is being used here:
at java.base/java.lang.Thread.getStackTrace(Thread.java:1619)
at glue.shaded.com.amazonaws.util.VersionInfoUtils.printDeprecationAnnouncement(VersionInfoUtils.java:81)
at glue.shaded.com.amazonaws.util.VersionInfoUtils.<clinit>(VersionInfoUtils.java:59)
at glue.shaded.com.amazonaws.int",38722646705939173370494738459966383255916350735847129089,jr_6b07bdae0215bec642f98131962ae71cfc06797af41f3a89ff2474789da141ad
1736383531637,1736383532396,"ernal.EC2ResourceFetcher.<clinit>(EC2ResourceFetcher.java:44)
at glue.shaded.com.amazonaws.auth.InstanceMetadataServiceCredentialsFetcher.<init>(InstanceMetadataServiceCredentialsFetcher.java:38)
at glue.shaded.com.amazonaws.auth.InstanceProfileCredentialsProvider.<init>(InstanceProfileCredentialsProvider.java:111)
at glue.shaded.com.amazonaws.auth.InstanceProfileCredentialsProvider.<init>(InstanceProfileCredentialsProvider.java:91)
at glue.shaded.com.amazonaws.auth.InstanceProfileCredentialsProvider.<init>(InstanceProfileCredentialsProvider.java:75)
at glue.shaded.com.amazonaws.auth.InstanceProfileCredentialsProvider.<clinit>(InstanceProfileCredentialsProvider.java:58)
at glue.shaded.com.amazonaws.auth.EC2ContainerCredentialsProviderWrapper.initializeProvider(EC2ContainerCredentialsProviderWrapper.java:66)
at glue.shaded.com.amazonaws.auth.EC2ContainerCredentialsProviderWrapper.<init>(EC2ContainerCredentialsProviderWrapper.java:55)
at glue.shaded.com.amazonaws.auth.DefaultAWSCredentialsProviderChain.<init>(D",38722646705961474115693269083107918974188999097353109506,jr_6b07bdae0215bec642f98131962ae71cfc06797af41f3a89ff2474789da141ad
1736383531637,1736383532396,"efaultAWSCredentialsProviderChain.java:60)
at glue.shaded.com.amazonaws.auth.DefaultAWSCredentialsProviderChain.<clinit>(DefaultAWSCredentialsProviderChain.java:54)
at glue.shaded.com.amazonaws.services.s3.AmazonS3ClientBuilder.standard(AmazonS3ClientBuilder.java:46)
at glue.shaded.com.amazonaws.services.s3.AmazonS3Client.builder(AmazonS3Client.java:737)
at com.amazonaws.services.glue.GlueLibsDownloader$Builder.getS3Client(GlueLibsDownloader.java:213)
at com.amazonaws.services.glue.GlueLibsDownloader$Builder.build(GlueLibsDownloader.java:205)
at com.amazonaws.services.glue.GlueBootstrap.downloadGlueLibs(GlueBootstrap.java:343)
at com.amazonaws.services.glue.GlueBootstrap.lambda$setUpGlueAndUserLibs$1(GlueBootstrap.java:102)
at java.base/java.util.concurrent.FutureTask.run(FutureTask.java:264)
at java.base/java.util.concurrent.ThreadPoolExecutor.runWorker(ThreadPoolExecutor.java:1136)
at java.base/java.util.concurrent.ThreadPoolExecutor$Worker.run(ThreadPoolExecutor.java:635)
at java.base/java.lang.Thread.run(",38722646705961474115693269083107918974188999097353109507,jr_6b07bdae0215bec642f98131962ae71cfc06797af41f3a89ff2474789da141ad
1736383531637,1736383532396,"Thread.java:840)
",38722646705961474115693269083107918974188999097353109508,jr_6b07bdae0215bec642f98131962ae71cfc06797af41f3a89ff2474789da141ad
1736383532311,1736383532396,"25/01/09 00:45:32 INFO GlueLibsDownloader: The current region us-west-2
",38722646720992176379502909080502993089953994752383909893,jr_6b07bdae0215bec642f98131962ae71cfc06797af41f3a89ff2474789da141ad
1736383533269,1736383533405,"25/01/09 00:45:33 INFO GlueLibsDownloader: The current region us-west-2
",38722646742356290279695246051314180621572825798435471360,jr_6b07bdae0215bec642f98131962ae71cfc06797af41f3a89ff2474789da141ad
1736383533278,1736383533405,25/01/09 00:45:33 INFO GlueBootstrap: files to download {https://prod-us-west-2-package-distribution-artifacts-bucket.s3.us-west-2.amazonaws.com/005/Glue5.0/AwsGlueMLLibs/java17/5.0.235/yO8OFi-AwsGlueMLLibs.jar?X-Amz-Security-Token=IQoJb3JpZ2luX2VjEJn%2F%2F%2F%2F%2F%2F%2F%2F%2F%2FwEaCXVzLXdlc3QtMiJGMEQCIA7mg3nDBKqts5R6hreSyaH7adDKLWg9FsCjIgguq9%2BzAiBPNA%2Fjk9iRC0UIK5ybN%2F5uIAXbvGUMIFmtNazAQorV2iqgAgiC%2F%2F%2F%2F%2F%2F%2F%2F%2F%2F8BEAAaDDg1MTcyNTUyOTk3MCIMe4ZJ6NWRnzpB8C32KvQBq21C76o9xPHDfNqOVCiA5wlZbtkH5er%2FDCQ1%2B3%2F%2BhvLhv%2B%2Fe1nBk3hcvWvmqcU%2BWQ06zDVB4TuggCdnDgsKmDbiTV8Sqj77t2GxSUYQC%2FEUo6gZTvyLu5XnCGEj4v%2F4BuAUsMiMoxZ%2FhnDwdHAVvHS%2BPJ4dJFnkBFVszKyMvH1F22vKRk3QM8ZNA27TjHm%2BwZFi8JvR7Ny2%2BMc9DGP7Uew9T0I%2BVT9gm8IOx8GAZ5Cwp0L3Q4s0OjprIsYSqLhT4ZmkPCCXFZPOU86qRZRWog5DC3fHrWdCgNYhNE6Px%2BClVy1ffpmauZ6HOEMbe9NOMqqArizDvt%2Fy7BjqQAbgBDuVYxRIwPor4QLa0l3vJ2bbPqDjB0%2BODur2kZJTuE20Z3ap01d52Xjsr4fHBt45DDJfpmFVBREMjjqlA82hJCipSoh2QBO4yHOlB4BozuoACWoVSBfzE8orlEEIoDYmlmwiHq%2FqfkZUwV7KBCfr0BB8JMJkPtGFdEcuH2M,38722646742556996986482021659588002086026661051989295105,jr_6b07bdae0215bec642f98131962ae71cfc06797af41f3a89ff2474789da141ad
1736383533279,1736383533405,"vcs9Ro8Yc%2BZL4RAkpEAdMszA%3D%3D&X-Amz-Algorithm=AWS4-HMAC-SHA256&X-Amz-Date=20250109T004519Z&X-Amz-SignedHeaders=host&X-Amz-Credential=ASIA4MTWMGNZCBNYVN36%2F20250109%2Fus-west-2%2Fs3%2Faws4_request&X-Amz-Expires=1800&X-Amz-Signature=ddb80e0961817411b2a8b4494217ee84e270c4c5b70668aca07ec63af56851b6=/tmp/glue-job-7325554724919529149/jars, https://prod-us-west-2-package-distribution-artifacts-bucket.s3.us-west-2.amazonaws.com/005/Glue5.0/AwsGlueMLLibsPython/java17/5.0.235/jZI7nG-AwsGlueMLLibs.py.zip?X-Amz-Security-Token=IQoJb3JpZ2luX2VjEJn%2F%2F%2F%2F%2F%2F%2F%2F%2F%2FwEaCXVzLXdlc3QtMiJGMEQCIA7mg3nDBKqts5R6hreSyaH7adDKLWg9FsCjIgguq9%2BzAiBPNA%2Fjk9iRC0UIK5ybN%2F5uIAXbvGUMIFmtNazAQorV2iqgAgiC%2F%2F%2F%2F%2F%2F%2F%2F%2F%2F8BEAAaDDg1MTcyNTUyOTk3MCIMe4ZJ6NWRnzpB8C32KvQBq21C76o9xPHDfNqOVCiA5wlZbtkH5er%2FDCQ1%2B3%2F%2BhvLhv%2B%2Fe1nBk3hcvWvmqcU%2BWQ06zDVB4TuggCdnDgsKmDbiTV8Sqj77t2GxSUYQC%2FEUo6gZTvyLu5XnCGEj4v%2F4BuAUsMiMoxZ%2FhnDwdHAVvHS%2BPJ4dJFnkBFVszKyMvH1F22vKRk3QM8ZNA27TjHm%2BwZFi8JvR7Ny2%2BMc9DGP7Uew9T0I%2BVT9",38722646742579297731680552282729537804299309413495275522,jr_6b07bdae0215bec642f98131962ae71cfc06797af41f3a89ff2474789da141ad
1736383533279,1736383533405,"gm8IOx8GAZ5Cwp0L3Q4s0OjprIsYSqLhT4ZmkPCCXFZPOU86qRZRWog5DC3fHrWdCgNYhNE6Px%2BClVy1ffpmauZ6HOEMbe9NOMqqArizDvt%2Fy7BjqQAbgBDuVYxRIwPor4QLa0l3vJ2bbPqDjB0%2BODur2kZJTuE20Z3ap01d52Xjsr4fHBt45DDJfpmFVBREMjjqlA82hJCipSoh2QBO4yHOlB4BozuoACWoVSBfzE8orlEEIoDYmlmwiHq%2FqfkZUwV7KBCfr0BB8JMJkPtGFdEcuH2Mvcs9Ro8Yc%2BZL4RAkpEAdMszA%3D%3D&X-Amz-Algorithm=AWS4-HMAC-SHA256&X-Amz-Date=20250109T004519Z&X-Amz-SignedHeaders=host&X-Amz-Credential=ASIA4MTWMGNZCBNYVN36%2F20250109%2Fus-west-2%2Fs3%2Faws4_request&X-Amz-Expires=1800&X-Amz-Signature=1ec2a1f14704a10b10a2627832e70a8ab1ba029ded7acdfe11a9d755d9c5f653=/tmp/glue-job-7325554724919529149/python, https://prod-us-west-2-package-distribution-artifacts-bucket.s3.us-west-2.amazonaws.com/005/Glue5.0/aws-glue-dataplane-python/java17/5.0.298/B5FbOA-AWSGlueDataplanePython-5.0.298.py.zip?X-Amz-Security-Token=IQoJb3JpZ2luX2VjEJn%2F%2F%2F%2F%2F%2F%2F%2F%2F%2FwEaCXVzLXdlc3QtMiJGMEQCIA7mg3nDBKqts5R6hreSyaH7adDKLWg9FsCjIgguq9%2BzAiBPNA%2Fjk9iRC0UIK5ybN%2F5uIAXbvGUMIFmtNazAQorV2iqgAgiC%2F%2F%2F",38722646742579297731680552282729537804299309413495275523,jr_6b07bdae0215bec642f98131962ae71cfc06797af41f3a89ff2474789da141ad
1736383533279,1736383533405,"%2F%2F%2F%2F%2F%2F%2F8BEAAaDDg1MTcyNTUyOTk3MCIMe4ZJ6NWRnzpB8C32KvQBq21C76o9xPHDfNqOVCiA5wlZbtkH5er%2FDCQ1%2B3%2F%2BhvLhv%2B%2Fe1nBk3hcvWvmqcU%2BWQ06zDVB4TuggCdnDgsKmDbiTV8Sqj77t2GxSUYQC%2FEUo6gZTvyLu5XnCGEj4v%2F4BuAUsMiMoxZ%2FhnDwdHAVvHS%2BPJ4dJFnkBFVszKyMvH1F22vKRk3QM8ZNA27TjHm%2BwZFi8JvR7Ny2%2BMc9DGP7Uew9T0I%2BVT9gm8IOx8GAZ5Cwp0L3Q4s0OjprIsYSqLhT4ZmkPCCXFZPOU86qRZRWog5DC3fHrWdCgNYhNE6Px%2BClVy1ffpmauZ6HOEMbe9NOMqqArizDvt%2Fy7BjqQAbgBDuVYxRIwPor4QLa0l3vJ2bbPqDjB0%2BODur2kZJTuE20Z3ap01d52Xjsr4fHBt45DDJfpmFVBREMjjqlA82hJCipSoh2QBO4yHOlB4BozuoACWoVSBfzE8orlEEIoDYmlmwiHq%2FqfkZUwV7KBCfr0BB8JMJkPtGFdEcuH2Mvcs9Ro8Yc%2BZL4RAkpEAdMszA%3D%3D&X-Amz-Algorithm=AWS4-HMAC-SHA256&X-Amz-Date=20250109T004519Z&X-Amz-SignedHeaders=host&X-Amz-Credential=ASIA4MTWMGNZCBNYVN36%2F20250109%2Fus-west-2%2Fs3%2Faws4_request&X-Amz-Expires=1800&X-Amz-Signature=b11aaccd88b00f0851b50b7d40e92cea798855dd58d72b83fde50d62b158152b=/tmp/glue-job-7325554724919529149/python, https://prod-us-west-2-package-distribution-artifacts-bucket.s3.us-west-2",38722646742579297731680552282729537804299309413495275524,jr_6b07bdae0215bec642f98131962ae71cfc06797af41f3a89ff2474789da141ad
1736383533279,1736383533405,.amazonaws.com/005/Glue5.0/aws-glue-di-libs/java17/5.0.298/pLeC6M-aws-glue-di-package-5.0.298.jar?X-Amz-Security-Token=IQoJb3JpZ2luX2VjEJn%2F%2F%2F%2F%2F%2F%2F%2F%2F%2FwEaCXVzLXdlc3QtMiJGMEQCIA7mg3nDBKqts5R6hreSyaH7adDKLWg9FsCjIgguq9%2BzAiBPNA%2Fjk9iRC0UIK5ybN%2F5uIAXbvGUMIFmtNazAQorV2iqgAgiC%2F%2F%2F%2F%2F%2F%2F%2F%2F%2F8BEAAaDDg1MTcyNTUyOTk3MCIMe4ZJ6NWRnzpB8C32KvQBq21C76o9xPHDfNqOVCiA5wlZbtkH5er%2FDCQ1%2B3%2F%2BhvLhv%2B%2Fe1nBk3hcvWvmqcU%2BWQ06zDVB4TuggCdnDgsKmDbiTV8Sqj77t2GxSUYQC%2FEUo6gZTvyLu5XnCGEj4v%2F4BuAUsMiMoxZ%2FhnDwdHAVvHS%2BPJ4dJFnkBFVszKyMvH1F22vKRk3QM8ZNA27TjHm%2BwZFi8JvR7Ny2%2BMc9DGP7Uew9T0I%2BVT9gm8IOx8GAZ5Cwp0L3Q4s0OjprIsYSqLhT4ZmkPCCXFZPOU86qRZRWog5DC3fHrWdCgNYhNE6Px%2BClVy1ffpmauZ6HOEMbe9NOMqqArizDvt%2Fy7BjqQAbgBDuVYxRIwPor4QLa0l3vJ2bbPqDjB0%2BODur2kZJTuE20Z3ap01d52Xjsr4fHBt45DDJfpmFVBREMjjqlA82hJCipSoh2QBO4yHOlB4BozuoACWoVSBfzE8orlEEIoDYmlmwiHq%2FqfkZUwV7KBCfr0BB8JMJkPtGFdEcuH2Mvcs9Ro8Yc%2BZL4RAkpEAdMszA%3D%3D&X-Amz-Algorithm=AWS4-HMAC-SHA256&X-Amz-Date=20250109T004519Z&X-Amz-SignedHeaders,38722646742579297731680552282729537804299309413495275525,jr_6b07bdae0215bec642f98131962ae71cfc06797af41f3a89ff2474789da141ad
1736383533279,1736383533405,'"=host&X-Amz-Credential=ASIA4MTWMGNZCBNYVN36%2F20250109%2Fus-west-2%2Fs3%2Faws4_request&X-Amz-Expires=1800&X-Amz-Signature=dd21d8138394337de44b36e7df3af5801b6cb8bb9fe4fc82f8a9cc55da07fd18=/tmp/glue-job-7325554724919529149/jars}
",38722646742579297731680552282729537804299309413495275526,jr_6b07bdae0215bec642f98131962ae71cfc06797af41f3a89ff2474789da141ad
1736383533286,1736383533405,25/01/09 00:45:33 INFO GlueLibsDownloader: Preparing for download https://prod-us-west-2-package-distribution-artifacts-bucket.s3.us-west-2.amazonaws.com/005/Glue5.0/aws-glue-dataplane-python/java17/5.0.298/B5FbOA-AWSGlueDataplanePython-5.0.298.py.zip?X-Amz-Security-Token=IQoJb3JpZ2luX2VjEJn%2F%2F%2F%2F%2F%2F%2F%2F%2F%2FwEaCXVzLXdlc3QtMiJGMEQCIA7mg3nDBKqts5R6hreSyaH7adDKLWg9FsCjIgguq9%2BzAiBPNA%2Fjk9iRC0UIK5ybN%2F5uIAXbvGUMIFmtNazAQorV2iqgAgiC%2F%2F%2F%2F%2F%2F%2F%2F%2F%2F8BEAAaDDg1MTcyNTUyOTk3MCIMe4ZJ6NWRnzpB8C32KvQBq21C76o9xPHDfNqOVCiA5wlZbtkH5er%2FDCQ1%2B3%2F%2BhvLhv%2B%2Fe1nBk3hcvWvmqcU%2BWQ06zDVB4TuggCdnDgsKmDbiTV8Sqj77t2GxSUYQC%2FEUo6gZTvyLu5XnCGEj4v%2F4BuAUsMiMoxZ%2FhnDwdHAVvHS%2BPJ4dJFnkBFVszKyMvH1F22vKRk3QM8ZNA27TjHm%2BwZFi8JvR7Ny2%2BMc9DGP7Uew9T0I%2BVT9gm8IOx8GAZ5Cwp0L3Q4s0OjprIsYSqLhT4ZmkPCCXFZPOU86qRZRWog5DC3fHrWdCgNYhNE6Px%2BClVy1ffpmauZ6HOEMbe9NOMqqArizDvt%2Fy7BjqQAbgBDuVYxRIwPor4QLa0l3vJ2bbPqDjB0%2BODur2kZJTuE20Z3ap01d52Xjsr4fHBt45DDJfpmFVBREMjjqlA82hJCipSoh2QBO4yHOlB4BozuoACWoVSBfzE8orlEEIoDYm,38722646742735402948070266644720287832207847944037138439,jr_6b07bdae0215bec642f98131962ae71cfc06797af41f3a89ff2474789da141ad
1736383533286,1736383533405,"lmwiHq%2FqfkZUwV7KBCfr0BB8JMJkPtGFdEcuH2Mvcs9Ro8Yc%2BZL4RAkpEAdMszA%3D%3D&X-Amz-Algorithm=AWS4-HMAC-SHA256&X-Amz-Date=20250109T004519Z&X-Amz-SignedHeaders=host&X-Amz-Credential=ASIA4MTWMGNZCBNYVN36%2F20250109%2Fus-west-2%2Fs3%2Faws4_request&X-Amz-Expires=1800&X-Amz-Signature=b11aaccd88b00f0851b50b7d40e92cea798855dd58d72b83fde50d62b158152b
",38722646742735402948070266644720287832207847944037138440,jr_6b07bdae0215bec642f98131962ae71cfc06797af41f3a89ff2474789da141ad
1736383533287,1736383533405,25/01/09 00:45:33 INFO GlueLibsDownloader: Preparing for download https://prod-us-west-2-package-distribution-artifacts-bucket.s3.us-west-2.amazonaws.com/005/Glue5.0/AwsGlueMLLibs/java17/5.0.235/yO8OFi-AwsGlueMLLibs.jar?X-Amz-Security-Token=IQoJb3JpZ2luX2VjEJn%2F%2F%2F%2F%2F%2F%2F%2F%2F%2FwEaCXVzLXdlc3QtMiJGMEQCIA7mg3nDBKqts5R6hreSyaH7adDKLWg9FsCjIgguq9%2BzAiBPNA%2Fjk9iRC0UIK5ybN%2F5uIAXbvGUMIFmtNazAQorV2iqgAgiC%2F%2F%2F%2F%2F%2F%2F%2F%2F%2F8BEAAaDDg1MTcyNTUyOTk3MCIMe4ZJ6NWRnzpB8C32KvQBq21C76o9xPHDfNqOVCiA5wlZbtkH5er%2FDCQ1%2B3%2F%2BhvLhv%2B%2Fe1nBk3hcvWvmqcU%2BWQ06zDVB4TuggCdnDgsKmDbiTV8Sqj77t2GxSUYQC%2FEUo6gZTvyLu5XnCGEj4v%2F4BuAUsMiMoxZ%2FhnDwdHAVvHS%2BPJ4dJFnkBFVszKyMvH1F22vKRk3QM8ZNA27TjHm%2BwZFi8JvR7Ny2%2BMc9DGP7Uew9T0I%2BVT9gm8IOx8GAZ5Cwp0L3Q4s0OjprIsYSqLhT4ZmkPCCXFZPOU86qRZRWog5DC3fHrWdCgNYhNE6Px%2BClVy1ffpmauZ6HOEMbe9NOMqqArizDvt%2Fy7BjqQAbgBDuVYxRIwPor4QLa0l3vJ2bbPqDjB0%2BODur2kZJTuE20Z3ap01d52Xjsr4fHBt45DDJfpmFVBREMjjqlA82hJCipSoh2QBO4yHOlB4BozuoACWoVSBfzE8orlEEIoDYmlmwiHq%2FqfkZUwV7KBCfr0BB8JMJkPt,38722646742757703693268797267861823550480496305543118857,jr_6b07bdae0215bec642f98131962ae71cfc06797af41f3a89ff2474789da141ad
1736383533287,1736383533405,"GFdEcuH2Mvcs9Ro8Yc%2BZL4RAkpEAdMszA%3D%3D&X-Amz-Algorithm=AWS4-HMAC-SHA256&X-Amz-Date=20250109T004519Z&X-Amz-SignedHeaders=host&X-Amz-Credential=ASIA4MTWMGNZCBNYVN36%2F20250109%2Fus-west-2%2Fs3%2Faws4_request&X-Amz-Expires=1800&X-Amz-Signature=ddb80e0961817411b2a8b4494217ee84e270c4c5b70668aca07ec63af56851b6
",38722646742757703693268797267861823550480496305543118858,jr_6b07bdae0215bec642f98131962ae71cfc06797af41f3a89ff2474789da141ad
1736383533288,1736383533405,25/01/09 00:45:33 INFO GlueLibsDownloader: Preparing for download https://prod-us-west-2-package-distribution-artifacts-bucket.s3.us-west-2.amazonaws.com/005/Glue5.0/AwsGlueMLLibsPython/java17/5.0.235/jZI7nG-AwsGlueMLLibs.py.zip?X-Amz-Security-Token=IQoJb3JpZ2luX2VjEJn%2F%2F%2F%2F%2F%2F%2F%2F%2F%2FwEaCXVzLXdlc3QtMiJGMEQCIA7mg3nDBKqts5R6hreSyaH7adDKLWg9FsCjIgguq9%2BzAiBPNA%2Fjk9iRC0UIK5ybN%2F5uIAXbvGUMIFmtNazAQorV2iqgAgiC%2F%2F%2F%2F%2F%2F%2F%2F%2F%2F8BEAAaDDg1MTcyNTUyOTk3MCIMe4ZJ6NWRnzpB8C32KvQBq21C76o9xPHDfNqOVCiA5wlZbtkH5er%2FDCQ1%2B3%2F%2BhvLhv%2B%2Fe1nBk3hcvWvmqcU%2BWQ06zDVB4TuggCdnDgsKmDbiTV8Sqj77t2GxSUYQC%2FEUo6gZTvyLu5XnCGEj4v%2F4BuAUsMiMoxZ%2FhnDwdHAVvHS%2BPJ4dJFnkBFVszKyMvH1F22vKRk3QM8ZNA27TjHm%2BwZFi8JvR7Ny2%2BMc9DGP7Uew9T0I%2BVT9gm8IOx8GAZ5Cwp0L3Q4s0OjprIsYSqLhT4ZmkPCCXFZPOU86qRZRWog5DC3fHrWdCgNYhNE6Px%2BClVy1ffpmauZ6HOEMbe9NOMqqArizDvt%2Fy7BjqQAbgBDuVYxRIwPor4QLa0l3vJ2bbPqDjB0%2BODur2kZJTuE20Z3ap01d52Xjsr4fHBt45DDJfpmFVBREMjjqlA82hJCipSoh2QBO4yHOlB4BozuoACWoVSBfzE8orlEEIoDYmlmwiHq%2FqfkZUwV7KBCfr0,38722646742780004438467327891003359268753144667049099275,jr_6b07bdae0215bec642f98131962ae71cfc06797af41f3a89ff2474789da141ad
1736383533288,1736383533405,"BB8JMJkPtGFdEcuH2Mvcs9Ro8Yc%2BZL4RAkpEAdMszA%3D%3D&X-Amz-Algorithm=AWS4-HMAC-SHA256&X-Amz-Date=20250109T004519Z&X-Amz-SignedHeaders=host&X-Amz-Credential=ASIA4MTWMGNZCBNYVN36%2F20250109%2Fus-west-2%2Fs3%2Faws4_request&X-Amz-Expires=1800&X-Amz-Signature=1ec2a1f14704a10b10a2627832e70a8ab1ba029ded7acdfe11a9d755d9c5f653
",38722646742780004438467327891003359268753144667049099276,jr_6b07bdae0215bec642f98131962ae71cfc06797af41f3a89ff2474789da141ad
1736383533289,1736383533405,25/01/09 00:45:33 INFO GlueLibsDownloader: Preparing for download https://prod-us-west-2-package-distribution-artifacts-bucket.s3.us-west-2.amazonaws.com/005/Glue5.0/aws-glue-di-libs/java17/5.0.298/pLeC6M-aws-glue-di-package-5.0.298.jar?X-Amz-Security-Token=IQoJb3JpZ2luX2VjEJn%2F%2F%2F%2F%2F%2F%2F%2F%2F%2FwEaCXVzLXdlc3QtMiJGMEQCIA7mg3nDBKqts5R6hreSyaH7adDKLWg9FsCjIgguq9%2BzAiBPNA%2Fjk9iRC0UIK5ybN%2F5uIAXbvGUMIFmtNazAQorV2iqgAgiC%2F%2F%2F%2F%2F%2F%2F%2F%2F%2F8BEAAaDDg1MTcyNTUyOTk3MCIMe4ZJ6NWRnzpB8C32KvQBq21C76o9xPHDfNqOVCiA5wlZbtkH5er%2FDCQ1%2B3%2F%2BhvLhv%2B%2Fe1nBk3hcvWvmqcU%2BWQ06zDVB4TuggCdnDgsKmDbiTV8Sqj77t2GxSUYQC%2FEUo6gZTvyLu5XnCGEj4v%2F4BuAUsMiMoxZ%2FhnDwdHAVvHS%2BPJ4dJFnkBFVszKyMvH1F22vKRk3QM8ZNA27TjHm%2BwZFi8JvR7Ny2%2BMc9DGP7Uew9T0I%2BVT9gm8IOx8GAZ5Cwp0L3Q4s0OjprIsYSqLhT4ZmkPCCXFZPOU86qRZRWog5DC3fHrWdCgNYhNE6Px%2BClVy1ffpmauZ6HOEMbe9NOMqqArizDvt%2Fy7BjqQAbgBDuVYxRIwPor4QLa0l3vJ2bbPqDjB0%2BODur2kZJTuE20Z3ap01d52Xjsr4fHBt45DDJfpmFVBREMjjqlA82hJCipSoh2QBO4yHOlB4BozuoACWoVSBfzE8orlEEIoDYmlmwiHq%2FqfkZUw,38722646742802305183665858514144894987025793028555079693,jr_6b07bdae0215bec642f98131962ae71cfc06797af41f3a89ff2474789da141ad
1736383533289,1736383533405,"V7KBCfr0BB8JMJkPtGFdEcuH2Mvcs9Ro8Yc%2BZL4RAkpEAdMszA%3D%3D&X-Amz-Algorithm=AWS4-HMAC-SHA256&X-Amz-Date=20250109T004519Z&X-Amz-SignedHeaders=host&X-Amz-Credential=ASIA4MTWMGNZCBNYVN36%2F20250109%2Fus-west-2%2Fs3%2Faws4_request&X-Amz-Expires=1800&X-Amz-Signature=dd21d8138394337de44b36e7df3af5801b6cb8bb9fe4fc82f8a9cc55da07fd18
",38722646742802305183665858514144894987025793028555079694,jr_6b07bdae0215bec642f98131962ae71cfc06797af41f3a89ff2474789da141ad
1736383533293,1736383533405,"25/01/09 00:45:33 INFO GlueLibsDownloader: Starting downloading URL to /tmp/glue-job-7325554724919529149/python/B5FbOA-AWSGlueDataplanePython-5.0.298.py.zip using S3 endpoint
",38722646742891508164459981006711037860116386474579001359,jr_6b07bdae0215bec642f98131962ae71cfc06797af41f3a89ff2474789da141ad
1736383533299,1736383533405,"25/01/09 00:45:33 INFO GlueLibsDownloader: Starting downloading URL to /tmp/glue-job-7325554724919529149/python/jZI7nG-AwsGlueMLLibs.py.zip using S3 endpoint
",38722646743025312635651164745560252169752276643614883856,jr_6b07bdae0215bec642f98131962ae71cfc06797af41f3a89ff2474789da141ad
1736383533300,1736383533405,"25/01/09 00:45:33 INFO GlueLibsDownloader: Starting downloading URL to /tmp/glue-job-7325554724919529149/jars/yO8OFi-AwsGlueMLLibs.jar using S3 endpoint
",38722646743047613380849695368701787888024925005120864273,jr_6b07bdae0215bec642f98131962ae71cfc06797af41f3a89ff2474789da141ad
1736383533302,1736383533405,"25/01/09 00:45:33 INFO GlueLibsDownloader: Starting downloading URL to /tmp/glue-job-7325554724919529149/jars/pLeC6M-aws-glue-di-package-5.0.298.jar using S3 endpoint
",38722646743092214871246756614984859324570221728132825106,jr_6b07bdae0215bec642f98131962ae71cfc06797af41f3a89ff2474789da141ad
1736383535866,1736383536393,"25/01/09 00:45:35 INFO GlueLibsDownloader: Elapsed time: 2584 millis
",38722646800271325560279274353494541222428086805156397056,jr_6b07bdae0215bec642f98131962ae71cfc06797af41f3a89ff2474789da141ad
1736383535894,1736383536393,"25/01/09 00:45:35 INFO GlueBootstrap: Invoking main method com.amazonaws.services.glue.PrepareLaunch
",38722646800895746425838131801457541334062240927323848705,jr_6b07bdae0215bec642f98131962ae71cfc06797af41f3a89ff2474789da141ad
1736383536397,1736383536431,"1736383536380
",38722646812113021260699035241695918913414570342244417536,jr_6b07bdae0215bec642f98131962ae71cfc06797af41f3a89ff2474789da141ad
1736383538199,1736383538394,"SLF4J: Failed to load class ""org.slf4j.impl.StaticLoggerBinder"".
SLF4J: Defaulting to no-operation (NOP) logger implementation
",38722646852298964108451218145116630056553199019447615488,jr_6b07bdae0215bec642f98131962ae71cfc06797af41f3a89ff2474789da141ad
1736383538200,1736383538394,"SLF4J: See http://www.slf4j.org/codes.html#StaticLoggerBinder for further details.
",38722646852321264853649748768258165774825847380953595905,jr_6b07bdae0215bec642f98131962ae71cfc06797af41f3a89ff2474789da141ad
1736383538337,1736383538394,"INFO	2025-01-09T00:45:38,336	13418	com.amazonaws.services.glue.launch.helpers.SparkPropsManagerHelper	[main]	
proxy {
  host = null
  port = -1
}
",38722646855376466945848444138648559178178672907272912898,jr_6b07bdae0215bec642f98131962ae71cfc06797af41f3a89ff2474789da141ad
1736383538344,1736383538394,"INFO	2025-01-09T00:45:38,344	13426	com.amazonaws.services.glue.utils.EndpointConfig$	[main]	 STAGE is prod
",38722646855532572162238158500639309206087211437814775811,jr_6b07bdae0215bec642f98131962ae71cfc06797af41f3a89ff2474789da141ad
1736383538564,1736383539393,"INFO	2025-01-09T00:45:38,564	13646	com.amazonaws.services.glue.utils.EndpointConfig$	[main]	Endpoints: {credentials_provider=com.amazonaws.auth.DefaultAWSCredentialsProviderChain, glue.endpoint=https://glue.us-west-2.amazonaws.com, lakeformation.endpoint=https://lakeformation.us-west-2.amazonaws.com, jes.endpoint=https://glue-jes.us-west-2.amazonaws.com, region=us-west-2}
",38722646860438736105914895592984805020654882586042957824,jr_6b07bdae0215bec642f98131962ae71cfc06797af41f3a89ff2474789da141ad
1736383538612,1736383539393,"INFO	2025-01-09T00:45:38,611	13693	com.amazonaws.services.glue.utils.AWSClientUtils$	[main]	AWSClientUtils: create aws sts client with conf: proxy hostnull, proxy port 0
",38722646861509171875444365503778519497742003938330017793,jr_6b07bdae0215bec642f98131962ae71cfc06797af41f3a89ff2474789da141ad
1736383539290,1736383539393,"INFO	2025-01-09T00:45:39,290	14372	com.amazonaws.services.glue.launch.helpers.SparkPropsManagerHelper	[main]	optimizeParallelismConfigs started 
",38722646876629077120048127993739736486597593039384739842,jr_6b07bdae0215bec642f98131962ae71cfc06797af41f3a89ff2474789da141ad
1736383539295,1736383539393,"INFO	2025-01-09T00:45:39,294	14376	com.amazonaws.services.glue.launch.helpers.LoggerPropsManager	[main]	setupLoggerProperties...
",38722646876740580846040781109447415077960834846914641923,jr_6b07bdae0215bec642f98131962ae71cfc06797af41f3a89ff2474789da141ad
1736383539297,1736383539393,"WARN	2025-01-09T00:45:39,297	14379	com.amazonaws.services.glue.launch.helpers.LoggerPropsManager	[main]	Logger setup failed for exception analysis: Cannot invoke ""java.net.URL.toURI()"" because the return value of ""java.lang.Class.getResource(String)"" is null
",38722646876785182336437842355730486514506131569926602756,jr_6b07bdae0215bec642f98131962ae71cfc06797af41f3a89ff2474789da141ad
1736383539302,1736383539393,"INFO	2025-01-09T00:45:39,301	14383	com.amazonaws.services.glue.FileDownloader	[main]	downloading /tmp/glue-5414248107270967352log4j2.properties file to destination location: /tmp/glue-job-7325554724919529149/glue-5414248107270967352log4j2.properties
",38722646876896686062430495471438165105869373377456504837,jr_6b07bdae0215bec642f98131962ae71cfc06797af41f3a89ff2474789da141ad
1736383539736,1736383540393,"INFO	2025-01-09T00:45:39,736	14818	com.amazonaws.services.glue.launch.helpers.LoggerPropsManager	[main]	setting up the log4j.configurationFile=/tmp/glue-job-7325554724919529149/glue-5414248107270967352log4j2.properties
",38722646886575209478592785916073821110310311809991114752,jr_6b07bdae0215bec642f98131962ae71cfc06797af41f3a89ff2474789da141ad
1736383539751,1736383540393,"INFO	2025-01-09T00:45:39,751	14833	com.amazonaws.services.glue.PrepareLaunch	[main]	Creating directory /tmp/glue-job-7325554724919529149/aws_glue_connectors
",38722646886909720656570745263196856884400037232580820993,jr_6b07bdae0215bec642f98131962ae71cfc06797af41f3a89ff2474789da141ad
1736383539751,1736383540393,"INFO	2025-01-09T00:45:39,751	14833	com.amazonaws.services.glue.PrepareLaunch	[main]	Creating directory /tmp/glue-job-7325554724919529149/aws_glue_connectors/selected
INFO	2025-01-09T00:45:39,751	14833	com.amazonaws.services.glue.PrepareLaunch	[main]	Creating directory /tmp/glue-job-7325554724919529149/exception_catch
INFO	2025-01-09T00:45:39,751	14833	com.amazonaws.services.glue.PrepareLaunch	[main]	Creating directory /tmp/glue-job-7325554724919529149/amazon
",38722646886909720656570745263196856884400037232580820994,jr_6b07bdae0215bec642f98131962ae71cfc06797af41f3a89ff2474789da141ad
1736383539752,1736383540393,"INFO	2025-01-09T00:45:39,751	14833	com.amazonaws.services.glue.PrepareLaunch	[main]	Creating directory /tmp/glue-job-7325554724919529149/amazon/certs
INFO	2025-01-09T00:45:39,751	14833	com.amazonaws.services.glue.PrepareLaunch	[main]	Creating directory /tmp/glue-job-7325554724919529149/aws_glue_connectors/selected/native
",38722646886932021401769275886338392602672685594086801411,jr_6b07bdae0215bec642f98131962ae71cfc06797af41f3a89ff2474789da141ad
1736383539752,1736383540393,"INFO	2025-01-09T00:45:39,752	14834	com.amazonaws.services.glue.PrepareLaunch	[main]	Creating directory /tmp/glue-job-7325554724919529149/aws_glue_connectors/marketplace
",38722646886932021401769275886338392602672685594086801412,jr_6b07bdae0215bec642f98131962ae71cfc06797af41f3a89ff2474789da141ad
1736383539853,1736383540393,"INFO	2025-01-09T00:45:39,852	14934	com.amazonaws.services.glue.PythonModuleInstaller	[main]	Command to Execute python3.11 -m venv --clear /tmp/glue_venv
",38722646889184396666820868823633500148210170106190823429,jr_6b07bdae0215bec642f98131962ae71cfc06797af41f3a89ff2474789da141ad
1736383545363,1736383545394,"INFO	2025-01-09T00:45:45,363	20445	com.amazonaws.services.glue.PythonModuleInstaller	[main]	Installing zip of wheels
",38722647012061502710724602339540704460372143094385410048,jr_6b07bdae0215bec642f98131962ae71cfc06797af41f3a89ff2474789da141ad
1736383545364,1736383545394,"INFO	2025-01-09T00:45:45,363	20445	com.amazonaws.services.glue.PythonModuleInstaller	[main]	Command to Execute unzip /tmp/glue-job-7325554724919529149/python/B5FbOA-AWSGlueDataplanePython-5.0.298.py.zip -d /tmp/glue-job-7325554724919529149/python/B5FbOA-AWSGlueDataplanePython-5.0.298
",38722647012083803455923132962682240178644791455891390465,jr_6b07bdae0215bec642f98131962ae71cfc06797af41f3a89ff2474789da141ad
1736383545370,1736383545394,"INFO	2025-01-09T00:45:45,370	20452	com.amazonaws.services.glue.PythonModuleInstaller	[main]	Command to Execute /usr/bin/bash /tmp/glue-job-7325554724919529149/pythonmodules/pythonmoduleinstaller.sh /tmp/glue_venv --no-deps /tmp/glue-job-7325554724919529149/python/B5FbOA-AWSGlueDataplanePython-5.0.298/amzn_awsglue-5.0.298-py3-none-any.whl
",38722647012217607927114316701531454488280681624927272962,jr_6b07bdae0215bec642f98131962ae71cfc06797af41f3a89ff2474789da141ad
1736383548240,1736383548393,"INFO	2025-01-09T00:45:48,239	23321	com.amazonaws.services.glue.PythonModuleInstaller	[main]	Installing zip of wheels
",38722647076220746646897205121364546297756336593924259840,jr_6b07bdae0215bec642f98131962ae71cfc06797af41f3a89ff2474789da141ad
1736383548240,1736383548393,"INFO	2025-01-09T00:45:48,240	23322	com.amazonaws.services.glue.PythonModuleInstaller	[main]	Command to Execute unzip /tmp/glue-job-7325554724919529149/python/jZI7nG-AwsGlueMLLibs.py.zip -d /tmp/glue-job-7325554724919529149/python/jZI7nG-AwsGlueMLLibs
",38722647076220746646897205121364546297756336593924259841,jr_6b07bdae0215bec642f98131962ae71cfc06797af41f3a89ff2474789da141ad
1736383548244,1736383548393,"INFO	2025-01-09T00:45:48,244	23326	com.amazonaws.services.glue.PythonModuleInstaller	[main]	Command to Execute /usr/bin/bash /tmp/glue-job-7325554724919529149/pythonmodules/pythonmoduleinstaller.sh /tmp/glue_venv --no-deps /tmp/glue-job-7325554724919529149/python/jZI7nG-AwsGlueMLLibs/amzn_aws_glue_ml_libs_python-1.0-py3-none-any.whl
",38722647076309949627691327613930689170846930039948181506,jr_6b07bdae0215bec642f98131962ae71cfc06797af41f3a89ff2474789da141ad
1736383549343,1736383549393,"INFO	2025-01-09T00:45:49,342	24424	com.amazonaws.services.glue.FileDownloader	[main]	downloading s3://python-lib-team5/requirements.txt file to destination location: /tmp/glue-job-7325554724919529149/requirements.txt
",38722647100818468600876482447687748030176676968945221632,jr_6b07bdae0215bec642f98131962ae71cfc06797af41f3a89ff2474789da141ad
1736383549562,1736383550393,"INFO	2025-01-09T00:45:49,562	24644	com.amazonaws.services.glue.utils.AWSS3Utils$	[main]	Encoding S3 URI s3://python-lib-team5/requirements.txt
",38722647105702331799354688916893051861755452435703529472,jr_6b07bdae0215bec642f98131962ae71cfc06797af41f3a89ff2474789da141ad
1736383549563,1736383550393,"INFO	2025-01-09T00:45:49,562	24644	com.amazonaws.services.glue.utils.AWSS3Utils$	[main]	Encoded S3 URI to s3://python-lib-team5/requirements.txt
",38722647105724632544553219540034587580028100797209509889,jr_6b07bdae0215bec642f98131962ae71cfc06797af41f3a89ff2474789da141ad
1736383549573,1736383550393,"INFO	2025-01-09T00:45:49,573	24655	com.amazonaws.services.glue.FileDownloader	[main]	Download bucket: python-lib-team5 key: requirements.txt to /tmp/glue-job-7325554724919529149//requirements.txt with usingProxy: false and isProxyDisabled: true
",38722647105947639996538525771449944762754584412269314050,jr_6b07bdae0215bec642f98131962ae71cfc06797af41f3a89ff2474789da141ad
1736383550306,1736383550393,"INFO	2025-01-09T00:45:50,306	25388	com.amazonaws.services.glue.FileDownloader	[main]	Object downloaded. Details: GetObjectResponse(AcceptRanges=bytes, LastModified=2025-01-07T13:26:18Z, ContentLength=67, ETag=""4c950d5d968910ffa8d901b3a1ee0794"", VersionId=yv9uGiVeRM51RJMgIl0tfmF_blP5nlMQ, ContentType=text/plain, ServerSideEncryption=AES256, Metadata={})
",38722647122294086227061472534195626256605833396152958979,jr_6b07bdae0215bec642f98131962ae71cfc06797af41f3a89ff2474789da141ad
1736383550307,1736383550393,"INFO	2025-01-09T00:45:50,307	25389	com.amazonaws.services.glue.PythonModuleInstaller	[main]	Command to Execute /usr/bin/bash /tmp/glue-job-7325554724919529149/pythonmodules/pythonmoduleinstaller.sh /tmp/glue_venv -r /tmp/glue-job-7325554724919529149//requirements.txt
",38722647122316386972260003157337161974878481757658939396,jr_6b07bdae0215bec642f98131962ae71cfc06797af41f3a89ff2474789da141ad